onset	duration	sample	trial_type	response_time	stim_file	value	HED	second_after_ready
21.1920025132	n/a	n/a	wait	n/a	n/a	DI32	n/a	-39
21.7080025307	n/a	n/a	wait	n/a	n/a	DI43	n/a	-38
22.8680042855	n/a	n/a	wait	n/a	n/a	DI27	n/a	-37
23.8120043955	n/a	n/a	wait	n/a	n/a	DI30	n/a	-36
24.9639997563	n/a	n/a	wait	n/a	n/a	DI36	n/a	-35
25.9159962020	n/a	n/a	wait	n/a	n/a	DI31	n/a	-34
27.0840043507	n/a	n/a	wait	n/a	n/a	DI41	n/a	-33
28.0360007963	n/a	n/a	wait	n/a	n/a	DI26	n/a	-32
29.1960025511	n/a	n/a	wait	n/a	n/a	DI36	n/a	-31
30.1359994642	n/a	n/a	wait	n/a	n/a	DI42	n/a	-30
31.2919980220	n/a	n/a	wait	n/a	n/a	DI29	n/a	-29
32.2320049933	n/a	n/a	wait	n/a	n/a	DI38	n/a	-28
33.3799971572	n/a	n/a	wait	n/a	n/a	DI31	n/a	-27
34.3200041286	n/a	n/a	wait	n/a	n/a	DI36	n/a	-26
35.4799958251	n/a	n/a	wait	n/a	n/a	DI43	n/a	-25
36.4239959351	n/a	n/a	wait	n/a	n/a	DI32	n/a	-24
37.4719986997	n/a	n/a	wait	n/a	n/a	DI30	n/a	-23
38.5399973325	n/a	n/a	wait	n/a	n/a	DI20	n/a	-22
39.6999990872	n/a	n/a	wait	n/a	n/a	DI30	n/a	-21
40.7439986548	n/a	n/a	wait	n/a	n/a	DI32	n/a	-20
41.6800024292	n/a	n/a	wait	n/a	n/a	DI31	n/a	-19
42.8319977901	n/a	n/a	wait	n/a	n/a	DI43	n/a	-18
43.7720047615	n/a	n/a	wait	n/a	n/a	DI25	n/a	-17
44.9640019170	n/a	n/a	wait	n/a	n/a	DI37	n/a	-16
45.9119951657	n/a	n/a	wait	n/a	n/a	DI30	n/a	-15
47.0560042492	n/a	n/a	wait	n/a	n/a	DI41	n/a	-14
48.2199991426	n/a	n/a	wait	n/a	n/a	DI36	n/a	-13
49.1519997201	n/a	n/a	wait	n/a	n/a	DI26	n/a	-12
50.3039950809	n/a	n/a	wait	n/a	n/a	DI33	n/a	-11
51.2440020523	n/a	n/a	wait	n/a	n/a	DI28	n/a	-10
52.4000006101	n/a	n/a	wait	n/a	n/a	DI22	n/a	-9
53.3320011876	n/a	n/a	wait	n/a	n/a	DI34	n/a	-8
54.4879997454	n/a	n/a	wait	n/a	n/a	DI33	n/a	-7
55.4200003228	n/a	n/a	wait	n/a	n/a	DI27	n/a	-6
56.4639998904	n/a	n/a	wait	n/a	n/a	DI34	n/a	-5
57.5240021876	n/a	n/a	wait	n/a	n/a	DI29	n/a	-4
58.6879970810	n/a	n/a	wait	n/a	n/a	DI41	n/a	-3
59.7479993782	n/a	n/a	wait	n/a	n/a	DI33	n/a	-2
60.6999958239	n/a	n/a	wait	n/a	n/a	DI37	n/a	-1
61.7359990559	n/a	n/a	wait	n/a	n/a	DI23	n/a	0
62.8960008106	n/a	n/a	wait	n/a	n/a	DI42	n/a	1
63.9400003783	n/a	n/a	wait	n/a	n/a	DI31	n/a	2
64.8760041527	n/a	n/a	wait	n/a	n/a	DI34	n/a	3
66.0320027105	n/a	n/a	wait	n/a	n/a	DI37	n/a	4
66.9640032879	n/a	n/a	wait	n/a	n/a	DI28	n/a	5
68.1200018457	n/a	n/a	wait	n/a	n/a	DI40	n/a	6
69.2800036005	n/a	n/a	wait	n/a	n/a	DI28	n/a	7
70.2240037105	n/a	n/a	wait	n/a	n/a	DI38	n/a	8
71.1800033531	n/a	n/a	wait	n/a	n/a	DI33	n/a	9
72.3319987140	n/a	n/a	wait	n/a	n/a	DI31	n/a	10
73.4879972718	n/a	n/a	wait	n/a	n/a	DI33	n/a	11
74.4280042431	n/a	n/a	wait	n/a	n/a	DI35	n/a	12
75.3960034183	n/a	n/a	wait	n/a	n/a	DI40	n/a	13
76.4559956572	n/a	n/a	wait	n/a	n/a	DI31	n/a	14
77.6120042733	n/a	n/a	wait	n/a	n/a	DI43	n/a	15
78.7680028311	n/a	n/a	wait	n/a	n/a	DI26	n/a	16
79.7120029411	n/a	n/a	wait	n/a	n/a	DI39	n/a	17
80.7639988444	n/a	n/a	wait	n/a	n/a	DI30	n/a	18
81.8079984120	n/a	n/a	relax	n/a	n/a	DI90	n/a	19
82.9600038311	n/a	n/a	relax	n/a	n/a	DI98	n/a	20
83.9079970798	n/a	n/a	relax	n/a	n/a	D100	n/a	21
85.0639956377	n/a	n/a	relax	n/a	n/a	DI95	n/a	22
85.9920030764	n/a	n/a	relax	n/a	n/a	DI95	n/a	23
87.1559979699	n/a	n/a	relax	n/a	n/a	DI88	n/a	24
88.0800022117	n/a	n/a	relax	n/a	n/a	D100	n/a	25
89.2439971051	n/a	n/a	relax	n/a	n/a	D111	n/a	26
90.1759976826	n/a	n/a	relax	n/a	n/a	DI95	n/a	27
91.3359994373	n/a	n/a	relax	n/a	n/a	DI96	n/a	28
92.2840027443	n/a	n/a	relax	n/a	n/a	DI92	n/a	29
93.3920031718	n/a	n/a	relax	n/a	n/a	D255	n/a	30
93.4560040317	n/a	n/a	relax	n/a	n/a	DI89	n/a	31
94.4399958781	n/a	n/a	getready	n/a	n/a	D171	n/a	1
95.4920018396	n/a	n/a	getready	n/a	n/a	D154	n/a	2
96.6599999300	n/a	n/a	getready	n/a	n/a	D169	n/a	3
97.6519981704	n/a	n/a	getready	n/a	n/a	D159	n/a	4
98.6120010099	n/a	n/a	getready	n/a	n/a	D161	n/a	5
99.7679995677	n/a	n/a	getready	n/a	n/a	D167	n/a	6
100.7719973407	n/a	n/a	concentrate	n/a	n/a	D234	n/a	7
101.9279958985	n/a	n/a	concentrate	n/a	n/a	D224	n/a	8
102.9759986631	n/a	n/a	concentrate	n/a	n/a	D220	n/a	9
103.9279951087	n/a	n/a	concentrate	n/a	n/a	D228	n/a	10
105.0920000604	n/a	n/a	concentrate	n/a	n/a	D224	n/a	11
106.0240006379	n/a	n/a	concentrate	n/a	n/a	D228	n/a	12
107.1759959987	n/a	n/a	concentrate	n/a	n/a	D226	n/a	13
108.1160029701	n/a	n/a	concentrate	n/a	n/a	D221	n/a	14
109.2720015279	n/a	n/a	concentrate	n/a	n/a	D238	n/a	15
110.2040021054	n/a	n/a	concentrate	n/a	n/a	D224	n/a	16
111.3600006632	n/a	n/a	concentrate	n/a	n/a	D224	n/a	17
112.4200029603	n/a	n/a	concentrate	n/a	n/a	D232	n/a	18
113.3599998734	n/a	n/a	concentrate	n/a	n/a	D224	n/a	19
114.4119957767	n/a	n/a	concentrate	n/a	n/a	D227	n/a	20
115.4719980738	n/a	n/a	concentrate	n/a	n/a	D220	n/a	21
116.5080013058	n/a	n/a	relax	n/a	n/a	D103	n/a	22
117.6639998636	n/a	n/a	relax	n/a	n/a	DI99	n/a	23
118.6000036380	n/a	n/a	relax	n/a	n/a	DI93	n/a	24
119.7560021958	n/a	n/a	relax	n/a	n/a	DI98	n/a	25
120.6959991089	n/a	n/a	relax	n/a	n/a	DI96	n/a	26
121.9279980592	n/a	n/a	relax	n/a	n/a	DI88	n/a	27
122.9760008237	n/a	n/a	relax	n/a	n/a	DI98	n/a	28
123.9279972694	n/a	n/a	relax	n/a	n/a	DI99	n/a	29
124.9879995666	n/a	n/a	relax	n/a	n/a	DI97	n/a	30
126.1559976569	n/a	n/a	relax	n/a	n/a	DI98	n/a	31
127.2159999541	n/a	n/a	relax	n/a	n/a	D102	n/a	32
128.1480005316	n/a	n/a	relax	n/a	n/a	D101	n/a	33
129.1960032961	n/a	n/a	relax	n/a	n/a	DI99	n/a	34
130.3599981896	n/a	n/a	relax	n/a	n/a	D100	n/a	35
131.4240036837	n/a	n/a	relax	n/a	n/a	D101	n/a	36
131.7959992520	n/a	n/a	relax	n/a	n/a	D255	n/a	37
132.4280014566	n/a	n/a	relax	n/a	n/a	DI95	n/a	38
133.4199996970	n/a	n/a	getready	n/a	n/a	D160	n/a	1
134.4680024616	n/a	n/a	getready	n/a	n/a	D149	n/a	2
135.5120020292	n/a	n/a	getready	n/a	n/a	D165	n/a	3
136.6119960628	n/a	n/a	getready	n/a	n/a	D158	n/a	4
137.7559950880	n/a	n/a	getready	n/a	n/a	D161	n/a	5
138.6879956654	n/a	n/a	getready	n/a	n/a	D150	n/a	6
139.7719970278	n/a	n/a	concentrate	n/a	n/a	D222	n/a	7
140.9279955856	n/a	n/a	concentrate	n/a	n/a	D217	n/a	8
141.8599961630	n/a	n/a	concentrate	n/a	n/a	D226	n/a	9
143.0199979178	n/a	n/a	concentrate	n/a	n/a	D237	n/a	10
143.9600048891	n/a	n/a	concentrate	n/a	n/a	D234	n/a	11
145.1359993151	n/a	n/a	concentrate	n/a	n/a	D223	n/a	12
146.0639966956	n/a	n/a	concentrate	n/a	n/a	D226	n/a	13
147.2280016474	n/a	n/a	concentrate	n/a	n/a	D234	n/a	14
148.1799980930	n/a	n/a	concentrate	n/a	n/a	D222	n/a	15
149.3479961834	n/a	n/a	concentrate	n/a	n/a	D236	n/a	16
150.2880031548	n/a	n/a	concentrate	n/a	n/a	D234	n/a	17
151.4399985156	n/a	n/a	concentrate	n/a	n/a	D218	n/a	18
152.4079976908	n/a	n/a	concentrate	n/a	n/a	D218	n/a	19
153.4679999880	n/a	n/a	concentrate	n/a	n/a	D233	n/a	20
154.4199964336	n/a	n/a	concentrate	n/a	n/a	D238	n/a	21
155.5439995906	n/a	n/a	relax	n/a	n/a	DI97	n/a	22
156.6999981484	n/a	n/a	relax	n/a	n/a	D102	n/a	23
157.6520046524	n/a	n/a	relax	n/a	n/a	D108	n/a	24
158.8040000132	n/a	n/a	relax	n/a	n/a	DI95	n/a	25
159.7439969263	n/a	n/a	relax	n/a	n/a	D101	n/a	26
160.9519968114	n/a	n/a	relax	n/a	n/a	DI98	n/a	27
161.9920032403	n/a	n/a	relax	n/a	n/a	DI95	n/a	28
162.9279969565	n/a	n/a	relax	n/a	n/a	DI97	n/a	29
163.9879992536	n/a	n/a	relax	n/a	n/a	DI92	n/a	30
164.8760048977	n/a	n/a	relax	n/a	n/a	D255	n/a	31
165.1600005410	n/a	n/a	relax	n/a	n/a	DI88	n/a	32
166.1879973791	n/a	n/a	getready	n/a	n/a	D166	n/a	1
167.1280043504	n/a	n/a	getready	n/a	n/a	D160	n/a	2
168.2840029082	n/a	n/a	getready	n/a	n/a	D149	n/a	3
169.2640016160	n/a	n/a	getready	n/a	n/a	D163	n/a	4
170.4279965094	n/a	n/a	getready	n/a	n/a	D165	n/a	5
171.3759998164	n/a	n/a	getready	n/a	n/a	D158	n/a	6
172.3919971219	n/a	n/a	concentrate	n/a	n/a	D225	n/a	7
173.4719952873	n/a	n/a	concentrate	n/a	n/a	D232	n/a	8
174.5160049132	n/a	n/a	concentrate	n/a	n/a	D220	n/a	9
175.5879966847	n/a	n/a	concentrate	n/a	n/a	D218	n/a	10
176.7400021038	n/a	n/a	concentrate	n/a	n/a	D227	n/a	11
177.7880048684	n/a	n/a	concentrate	n/a	n/a	D226	n/a	12
178.7440045110	n/a	n/a	concentrate	n/a	n/a	D225	n/a	13
179.9120026014	n/a	n/a	concentrate	n/a	n/a	D215	n/a	14
180.8639990470	n/a	n/a	concentrate	n/a	n/a	D219	n/a	15
182.0640025965	n/a	n/a	concentrate	n/a	n/a	D235	n/a	16
182.9919999770	n/a	n/a	concentrate	n/a	n/a	D221	n/a	17
183.9280037514	n/a	n/a	concentrate	n/a	n/a	D223	n/a	18
185.0840023092	n/a	n/a	concentrate	n/a	n/a	D224	n/a	19
186.0359987549	n/a	n/a	concentrate	n/a	n/a	D223	n/a	20
187.1960005096	n/a	n/a	concentrate	n/a	n/a	D220	n/a	21
188.1920019469	n/a	n/a	relax	n/a	n/a	DI92	n/a	22
189.2360015146	n/a	n/a	relax	n/a	n/a	DI86	n/a	23
190.3879968754	n/a	n/a	relax	n/a	n/a	DI95	n/a	24
191.4520023695	n/a	n/a	relax	n/a	n/a	DI98	n/a	25
192.4159983478	n/a	n/a	relax	n/a	n/a	D100	n/a	26
193.5079960457	n/a	n/a	relax	n/a	n/a	DI93	n/a	27
194.5559988103	n/a	n/a	relax	n/a	n/a	D102	n/a	28
195.5200048468	n/a	n/a	relax	n/a	n/a	D100	n/a	29
196.5760039470	n/a	n/a	relax	n/a	n/a	DI92	n/a	30
197.7239961109	n/a	n/a	relax	n/a	n/a	D101	n/a	31
198.8760015301	n/a	n/a	relax	n/a	n/a	DI94	n/a	32
199.8119952462	n/a	n/a	relax	n/a	n/a	DI90	n/a	33
200.9599974684	n/a	n/a	relax	n/a	n/a	DI97	n/a	34
201.1719959161	n/a	n/a	relax	n/a	n/a	D255	n/a	35
202.0080002329	n/a	n/a	relax	n/a	n/a	D101	n/a	36
203.0119980059	n/a	n/a	getready	n/a	n/a	D160	n/a	1
203.9439985833	n/a	n/a	getready	n/a	n/a	D162	n/a	2
205.0960040025	n/a	n/a	getready	n/a	n/a	D159	n/a	3
206.1000017754	n/a	n/a	getready	n/a	n/a	D155	n/a	4
207.2600035301	n/a	n/a	getready	n/a	n/a	D156	n/a	5
208.2040036402	n/a	n/a	getready	n/a	n/a	D161	n/a	6
209.4080003283	n/a	n/a	concentrate	n/a	n/a	D224	n/a	7
210.3599967740	n/a	n/a	concentrate	n/a	n/a	D219	n/a	8
211.5319980613	n/a	n/a	concentrate	n/a	n/a	D222	n/a	9
212.4759981713	n/a	n/a	concentrate	n/a	n/a	D206	n/a	10
213.4319978139	n/a	n/a	concentrate	n/a	n/a	D230	n/a	11
214.4999964467	n/a	n/a	concentrate	n/a	n/a	D236	n/a	12
215.5559955469	n/a	n/a	concentrate	n/a	n/a	D224	n/a	13
216.6200010411	n/a	n/a	concentrate	n/a	n/a	D222	n/a	14
217.7879991314	n/a	n/a	concentrate	n/a	n/a	D223	n/a	15
218.7480019710	n/a	n/a	concentrate	n/a	n/a	D226	n/a	16
219.7920015386	n/a	n/a	concentrate	n/a	n/a	D226	n/a	17
220.9480000964	n/a	n/a	concentrate	n/a	n/a	D218	n/a	18
221.8840038708	n/a	n/a	concentrate	n/a	n/a	D219	n/a	19
223.0319960347	n/a	n/a	concentrate	n/a	n/a	D213	n/a	20
223.9679998091	n/a	n/a	concentrate	n/a	n/a	D221	n/a	21
225.1800028912	n/a	n/a	relax	n/a	n/a	DI98	n/a	22
226.1319993368	n/a	n/a	relax	n/a	n/a	DI98	n/a	23
227.3040006242	n/a	n/a	relax	n/a	n/a	D106	n/a	24
228.2480007342	n/a	n/a	relax	n/a	n/a	DI96	n/a	25
229.3999960951	n/a	n/a	relax	n/a	n/a	D101	n/a	26
230.3920043937	n/a	n/a	relax	n/a	n/a	DI96	n/a	27
231.4639961652	n/a	n/a	relax	n/a	n/a	DI98	n/a	28
232.4239990047	n/a	n/a	relax	n/a	n/a	D101	n/a	29
233.4960008345	n/a	n/a	relax	n/a	n/a	D101	n/a	30
233.5080003670	n/a	n/a	relax	n/a	n/a	D255	n/a	31
234.5080050013	n/a	n/a	getready	n/a	n/a	D159	n/a	1
235.5600009046	n/a	n/a	getready	n/a	n/a	D167	n/a	2
236.6160000048	n/a	n/a	getready	n/a	n/a	D164	n/a	3
237.8319962255	n/a	n/a	getready	n/a	n/a	D158	n/a	4
238.7879958681	n/a	n/a	getready	n/a	n/a	D158	n/a	5
239.9520008198	n/a	n/a	getready	n/a	n/a	D167	n/a	6
240.9279963306	n/a	n/a	concentrate	n/a	n/a	D224	n/a	7
242.0800017498	n/a	n/a	concentrate	n/a	n/a	D227	n/a	8
243.0240018598	n/a	n/a	concentrate	n/a	n/a	D218	n/a	9
244.1720040820	n/a	n/a	concentrate	n/a	n/a	D224	n/a	10
245.1040046594	n/a	n/a	concentrate	n/a	n/a	D226	n/a	11
246.2720027498	n/a	n/a	concentrate	n/a	n/a	D225	n/a	12
247.2239991955	n/a	n/a	concentrate	n/a	n/a	D231	n/a	13
248.3919972858	n/a	n/a	concentrate	n/a	n/a	D225	n/a	14
249.2479974709	n/a	n/a	concentrate	n/a	n/a	D221	n/a	15
250.4079992256	n/a	n/a	concentrate	n/a	n/a	D229	n/a	16
251.3560025326	n/a	n/a	concentrate	n/a	n/a	D225	n/a	17
252.5240006230	n/a	n/a	concentrate	n/a	n/a	D231	n/a	18
253.4720039300	n/a	n/a	concentrate	n/a	n/a	D224	n/a	19
254.5359993658	n/a	n/a	concentrate	n/a	n/a	D232	n/a	20
255.5840021304	n/a	n/a	concentrate	n/a	n/a	D228	n/a	21
256.8119978837	n/a	n/a	relax	n/a	n/a	DI92	n/a	22
257.7520048550	n/a	n/a	relax	n/a	n/a	DI95	n/a	23
258.7920012257	n/a	n/a	relax	n/a	n/a	DI92	n/a	24
259.9520029805	n/a	n/a	relax	n/a	n/a	D100	n/a	25
260.9039994261	n/a	n/a	relax	n/a	n/a	D102	n/a	26
262.0280025831	n/a	n/a	relax	n/a	n/a	DI94	n/a	27
262.9799990288	n/a	n/a	relax	n/a	n/a	D101	n/a	28
264.0320049903	n/a	n/a	relax	n/a	n/a	DI91	n/a	29
265.1880035481	n/a	n/a	relax	n/a	n/a	DI97	n/a	30
266.1239972643	n/a	n/a	relax	n/a	n/a	DI93	n/a	31
267.0240024409	n/a	n/a	relax	n/a	n/a	D255	n/a	32
267.3040049455	n/a	n/a	relax	n/a	n/a	DI90	n/a	33
268.2840036533	n/a	n/a	getready	n/a	n/a	D158	n/a	1
269.4479985467	n/a	n/a	getready	n/a	n/a	D168	n/a	2
270.4039981893	n/a	n/a	getready	n/a	n/a	D164	n/a	3
271.4040028236	n/a	n/a	getready	n/a	n/a	D151	n/a	4
272.4519955299	n/a	n/a	getready	n/a	n/a	D155	n/a	5
273.5160010240	n/a	n/a	getready	n/a	n/a	D162	n/a	6
274.7160045735	n/a	n/a	concentrate	n/a	n/a	D219	n/a	7
275.6600046835	n/a	n/a	concentrate	n/a	n/a	D232	n/a	8
276.8079968474	n/a	n/a	concentrate	n/a	n/a	D221	n/a	9
277.7480038188	n/a	n/a	concentrate	n/a	n/a	D222	n/a	10
278.8959959826	n/a	n/a	concentrate	n/a	n/a	D233	n/a	11
279.8279965601	n/a	n/a	concentrate	n/a	n/a	D225	n/a	12
280.9920015118	n/a	n/a	concentrate	n/a	n/a	D227	n/a	13
282.0360010794	n/a	n/a	concentrate	n/a	n/a	D222	n/a	14
282.9720048538	n/a	n/a	concentrate	n/a	n/a	D224	n/a	15
284.2400024018	n/a	n/a	concentrate	n/a	n/a	D214	n/a	16
285.1879956505	n/a	n/a	concentrate	n/a	n/a	D228	n/a	17
286.1239994249	n/a	n/a	concentrate	n/a	n/a	D223	n/a	18
287.2760048441	n/a	n/a	concentrate	n/a	n/a	D231	n/a	19
288.4359965405	n/a	n/a	concentrate	n/a	n/a	D227	n/a	20
289.4039957157	n/a	n/a	concentrate	n/a	n/a	D229	n/a	21
290.4119966856	n/a	n/a	relax	n/a	n/a	D102	n/a	22
291.4760021797	n/a	n/a	relax	n/a	n/a	D104	n/a	23
292.5560003451	n/a	n/a	relax	n/a	n/a	DI95	n/a	24
293.5999999127	n/a	n/a	relax	n/a	n/a	D101	n/a	25
294.7439989380	n/a	n/a	relax	n/a	n/a	DI87	n/a	26
295.7320040396	n/a	n/a	relax	n/a	n/a	DI91	n/a	27
296.6720009527	n/a	n/a	relax	n/a	n/a	DI98	n/a	28
297.8239963136	n/a	n/a	relax	n/a	n/a	D108	n/a	29
298.9719985358	n/a	n/a	relax	n/a	n/a	D100	n/a	30
299.1119997880	n/a	n/a	relax	n/a	n/a	D255	n/a	31
299.9440009079	n/a	n/a	relax	n/a	n/a	D103	n/a	32
300.9079968861	n/a	n/a	getready	n/a	n/a	D166	n/a	1
302.0600023053	n/a	n/a	getready	n/a	n/a	D169	n/a	2
303.0040024153	n/a	n/a	getready	n/a	n/a	D167	n/a	3
304.2400045625	n/a	n/a	getready	n/a	n/a	D161	n/a	4
305.1879978112	n/a	n/a	getready	n/a	n/a	D160	n/a	5
306.3599990985	n/a	n/a	getready	n/a	n/a	D159	n/a	6
307.2600042752	n/a	n/a	concentrate	n/a	n/a	D232	n/a	7
308.4160028330	n/a	n/a	concentrate	n/a	n/a	D230	n/a	8
309.4919978014	n/a	n/a	concentrate	n/a	n/a	D217	n/a	9
310.4479974440	n/a	n/a	concentrate	n/a	n/a	D223	n/a	10
311.4000039480	n/a	n/a	concentrate	n/a	n/a	D228	n/a	11
312.5639988414	n/a	n/a	concentrate	n/a	n/a	D235	n/a	12
313.5199984840	n/a	n/a	concentrate	n/a	n/a	D225	n/a	13
314.5840039781	n/a	n/a	concentrate	n/a	n/a	D228	n/a	14
315.7439956746	n/a	n/a	concentrate	n/a	n/a	D226	n/a	15
316.9000042907	n/a	n/a	concentrate	n/a	n/a	D223	n/a	16
317.8359980068	n/a	n/a	concentrate	n/a	n/a	D219	n/a	17
318.9919965646	n/a	n/a	concentrate	n/a	n/a	D219	n/a	18
320.0279997966	n/a	n/a	concentrate	n/a	n/a	D226	n/a	19
320.9719999067	n/a	n/a	concentrate	n/a	n/a	D218	n/a	20
322.1200021288	n/a	n/a	concentrate	n/a	n/a	D233	n/a	21
323.1199967048	n/a	n/a	relax	n/a	n/a	D103	n/a	22
324.2799984596	n/a	n/a	relax	n/a	n/a	D110	n/a	23
325.2119990370	n/a	n/a	relax	n/a	n/a	DI95	n/a	24
326.2559986047	n/a	n/a	relax	n/a	n/a	DI93	n/a	25
327.4200035564	n/a	n/a	relax	n/a	n/a	DI95	n/a	26
328.4280045263	n/a	n/a	relax	n/a	n/a	D107	n/a	27
329.4919999621	n/a	n/a	relax	n/a	n/a	DI95	n/a	28
330.4599991373	n/a	n/a	relax	n/a	n/a	DI94	n/a	29
331.5159982375	n/a	n/a	relax	n/a	n/a	DI97	n/a	30
331.9439983300	n/a	n/a	relax	n/a	n/a	D255	n/a	31
332.5640010021	n/a	n/a	relax	n/a	n/a	DI97	n/a	32
333.5360033742	n/a	n/a	getready	n/a	n/a	D165	n/a	1
334.6160015396	n/a	n/a	getready	n/a	n/a	D156	n/a	2
335.7760032943	n/a	n/a	getready	n/a	n/a	D159	n/a	3
336.7639983377	n/a	n/a	getready	n/a	n/a	D158	n/a	4
337.8160042993	n/a	n/a	getready	n/a	n/a	D160	n/a	5
338.9759959958	n/a	n/a	getready	n/a	n/a	D162	n/a	6
339.9719974331	n/a	n/a	concentrate	n/a	n/a	D221	n/a	7
340.9120044044	n/a	n/a	concentrate	n/a	n/a	D225	n/a	8
342.0759992979	n/a	n/a	concentrate	n/a	n/a	D223	n/a	9
343.2280047170	n/a	n/a	concentrate	n/a	n/a	D237	n/a	10
344.1599952362	n/a	n/a	concentrate	n/a	n/a	D220	n/a	11
345.3280033848	n/a	n/a	concentrate	n/a	n/a	D233	n/a	12
346.2720034949	n/a	n/a	concentrate	n/a	n/a	D220	n/a	13
347.4359983883	n/a	n/a	concentrate	n/a	n/a	D224	n/a	14
348.4880043498	n/a	n/a	concentrate	n/a	n/a	D222	n/a	15
349.4440039924	n/a	n/a	concentrate	n/a	n/a	D224	n/a	16
350.5000030926	n/a	n/a	concentrate	n/a	n/a	D223	n/a	17
351.5560021929	n/a	n/a	concentrate	n/a	n/a	D223	n/a	18
352.6120012931	n/a	n/a	concentrate	n/a	n/a	D228	n/a	19
353.7639966539	n/a	n/a	concentrate	n/a	n/a	D225	n/a	20
354.7119999609	n/a	n/a	concentrate	n/a	n/a	D224	n/a	21
355.6799991361	n/a	n/a	relax	n/a	n/a	DI87	n/a	22
356.8359976939	n/a	n/a	relax	n/a	n/a	DI88	n/a	23
357.7880041978	n/a	n/a	relax	n/a	n/a	DI84	n/a	24
358.8280005685	n/a	n/a	relax	n/a	n/a	D104	n/a	25
359.9880023233	n/a	n/a	relax	n/a	n/a	DI97	n/a	26
361.0039996288	n/a	n/a	relax	n/a	n/a	DI91	n/a	27
362.0599987290	n/a	n/a	relax	n/a	n/a	DI97	n/a	28
363.2120041481	n/a	n/a	relax	n/a	n/a	D105	n/a	29
363.9319962195	n/a	n/a	relax	n/a	n/a	D255	n/a	30
364.1479978642	n/a	n/a	relax	n/a	n/a	D103	n/a	31
365.3360018811	n/a	n/a	getready	n/a	n/a	D157	n/a	1
366.2759987942	n/a	n/a	getready	n/a	n/a	D157	n/a	2
367.4400037459	n/a	n/a	getready	n/a	n/a	D160	n/a	3
368.4440015188	n/a	n/a	getready	n/a	n/a	D160	n/a	4
369.4079974971	n/a	n/a	getready	n/a	n/a	D159	n/a	5
370.5679992518	n/a	n/a	getready	n/a	n/a	D161	n/a	6
371.5640006891	n/a	n/a	concentrate	n/a	n/a	D217	n/a	7
372.6159965924	n/a	n/a	concentrate	n/a	n/a	D229	n/a	8
373.7800015441	n/a	n/a	concentrate	n/a	n/a	D228	n/a	9
374.8400038413	n/a	n/a	concentrate	n/a	n/a	D213	n/a	10
375.7840039513	n/a	n/a	concentrate	n/a	n/a	D223	n/a	11
376.8400030515	n/a	n/a	concentrate	n/a	n/a	D229	n/a	12
378.0039979450	n/a	n/a	concentrate	n/a	n/a	D226	n/a	13
378.9400017194	n/a	n/a	concentrate	n/a	n/a	D221	n/a	14
380.0919970802	n/a	n/a	concentrate	n/a	n/a	D229	n/a	15
381.0239976577	n/a	n/a	concentrate	n/a	n/a	D216	n/a	16
382.1839994124	n/a	n/a	concentrate	n/a	n/a	D226	n/a	17
383.1200031868	n/a	n/a	concentrate	n/a	n/a	D226	n/a	18
384.2760017446	n/a	n/a	concentrate	n/a	n/a	D216	n/a	19
385.2239949933	n/a	n/a	concentrate	n/a	n/a	D221	n/a	20
386.3760004125	n/a	n/a	concentrate	n/a	n/a	D219	n/a	21
387.3480027846	n/a	n/a	relax	n/a	n/a	DI92	n/a	22
388.4999981455	n/a	n/a	relax	n/a	n/a	DI99	n/a	23
389.4360019199	n/a	n/a	relax	n/a	n/a	DI94	n/a	24
390.5040005527	n/a	n/a	relax	n/a	n/a	DI91	n/a	25
391.5640028498	n/a	n/a	relax	n/a	n/a	DI92	n/a	26
392.5639974258	n/a	n/a	relax	n/a	n/a	D100	n/a	27
393.6280029199	n/a	n/a	relax	n/a	n/a	DI99	n/a	28
394.7919978133	n/a	n/a	relax	n/a	n/a	DI92	n/a	29
395.8320042423	n/a	n/a	relax	n/a	n/a	DI86	n/a	30
395.8680028400	n/a	n/a	relax	n/a	n/a	D255	n/a	31
396.9079992107	n/a	n/a	getready	n/a	n/a	D158	n/a	1
397.8440029851	n/a	n/a	getready	n/a	n/a	D154	n/a	2
399.0000015429	n/a	n/a	getready	n/a	n/a	D161	n/a	3
399.9800002507	n/a	n/a	getready	n/a	n/a	D167	n/a	4
401.1319956115	n/a	n/a	getready	n/a	n/a	D154	n/a	5
402.0720025829	n/a	n/a	getready	n/a	n/a	D160	n/a	6
403.2719960741	n/a	n/a	concentrate	n/a	n/a	D217	n/a	7
404.2120030454	n/a	n/a	concentrate	n/a	n/a	D222	n/a	8
405.3599952093	n/a	n/a	concentrate	n/a	n/a	D218	n/a	9
406.2959989837	n/a	n/a	concentrate	n/a	n/a	D221	n/a	10
407.4519975415	n/a	n/a	concentrate	n/a	n/a	D222	n/a	11
408.5160030357	n/a	n/a	concentrate	n/a	n/a	D228	n/a	12
409.4759958169	n/a	n/a	concentrate	n/a	n/a	D216	n/a	13
410.5320049754	n/a	n/a	concentrate	n/a	n/a	D219	n/a	14
411.5799976817	n/a	n/a	concentrate	n/a	n/a	D218	n/a	15
412.6359967819	n/a	n/a	concentrate	n/a	n/a	D221	n/a	16
413.7839990041	n/a	n/a	concentrate	n/a	n/a	D218	n/a	17
414.7279991142	n/a	n/a	concentrate	n/a	n/a	D219	n/a	18
415.8959972045	n/a	n/a	concentrate	n/a	n/a	D219	n/a	19
416.8279977820	n/a	n/a	concentrate	n/a	n/a	D222	n/a	20
417.9879995368	n/a	n/a	concentrate	n/a	n/a	D234	n/a	21
419.0000037036	n/a	n/a	relax	n/a	n/a	DI90	n/a	22
420.1519990644	n/a	n/a	relax	n/a	n/a	DI89	n/a	23
421.0959991745	n/a	n/a	relax	n/a	n/a	D100	n/a	24
422.2600041262	n/a	n/a	relax	n/a	n/a	DI93	n/a	25
423.3040036938	n/a	n/a	relax	n/a	n/a	D101	n/a	26
424.3039982698	n/a	n/a	relax	n/a	n/a	DI90	n/a	27
425.2400020442	n/a	n/a	relax	n/a	n/a	DI89	n/a	28
426.4120033315	n/a	n/a	relax	n/a	n/a	DI91	n/a	29
427.3560034416	n/a	n/a	relax	n/a	n/a	DI95	n/a	30
428.0639959804	n/a	n/a	relax	n/a	n/a	D255	n/a	31
428.5600001297	n/a	n/a	relax	n/a	n/a	DI94	n/a	32
429.5639979026	n/a	n/a	getready	n/a	n/a	D152	n/a	1
430.4959984801	n/a	n/a	getready	n/a	n/a	D161	n/a	2
431.5480044416	n/a	n/a	getready	n/a	n/a	D162	n/a	3
432.6400021396	n/a	n/a	getready	n/a	n/a	D155	n/a	4
433.8000038943	n/a	n/a	getready	n/a	n/a	D157	n/a	5
434.8440034620	n/a	n/a	getready	n/a	n/a	D163	n/a	6
435.8240021697	n/a	n/a	concentrate	n/a	n/a	D221	n/a	7
436.9920002601	n/a	n/a	concentrate	n/a	n/a	D225	n/a	8
437.9400035671	n/a	n/a	concentrate	n/a	n/a	D224	n/a	9
439.1039984605	n/a	n/a	concentrate	n/a	n/a	D231	n/a	10
440.0400022349	n/a	n/a	concentrate	n/a	n/a	D229	n/a	11
441.0880049995	n/a	n/a	concentrate	n/a	n/a	D235	n/a	12
442.2440035573	n/a	n/a	concentrate	n/a	n/a	D218	n/a	13
443.3000026575	n/a	n/a	concentrate	n/a	n/a	D230	n/a	14
444.2399995706	n/a	n/a	concentrate	n/a	n/a	D222	n/a	15
445.3039950064	n/a	n/a	concentrate	n/a	n/a	D222	n/a	16
446.4679999582	n/a	n/a	concentrate	n/a	n/a	D223	n/a	17
447.5160027227	n/a	n/a	concentrate	n/a	n/a	D227	n/a	18
448.4840018979	n/a	n/a	concentrate	n/a	n/a	D221	n/a	19
449.4359983436	n/a	n/a	concentrate	n/a	n/a	D224	n/a	20
450.6000032953	n/a	n/a	concentrate	n/a	n/a	D223	n/a	21
451.5839951417	n/a	n/a	relax	n/a	n/a	D103	n/a	22
452.6480006359	n/a	n/a	relax	n/a	n/a	DI94	n/a	23
453.7999959967	n/a	n/a	relax	n/a	n/a	DI94	n/a	24
454.7400029681	n/a	n/a	relax	n/a	n/a	DI91	n/a	25
455.8960015259	n/a	n/a	relax	n/a	n/a	DI95	n/a	26
456.8800034306	n/a	n/a	relax	n/a	n/a	DI96	n/a	27
458.0439983240	n/a	n/a	relax	n/a	n/a	DI81	n/a	28
459.0879978917	n/a	n/a	relax	n/a	n/a	DI96	n/a	29
459.4960021160	n/a	n/a	relax	n/a	n/a	D255	n/a	30
460.0240016661	n/a	n/a	relax	n/a	n/a	D100	n/a	31
461.2039992890	n/a	n/a	getready	n/a	n/a	D160	n/a	1
462.1439962021	n/a	n/a	getready	n/a	n/a	D151	n/a	2
463.3000048182	n/a	n/a	getready	n/a	n/a	D159	n/a	3
464.2680039934	n/a	n/a	getready	n/a	n/a	D165	n/a	4
465.3159966997	n/a	n/a	getready	n/a	n/a	D160	n/a	5
466.4879979870	n/a	n/a	getready	n/a	n/a	D157	n/a	6
467.5000021539	n/a	n/a	concentrate	n/a	n/a	D226	n/a	7
468.4519985995	n/a	n/a	concentrate	n/a	n/a	D224	n/a	8
469.6079971573	n/a	n/a	concentrate	n/a	n/a	D211	n/a	9
470.5720031939	n/a	n/a	concentrate	n/a	n/a	D224	n/a	10
471.6440050236	n/a	n/a	concentrate	n/a	n/a	D215	n/a	11
472.7960003844	n/a	n/a	concentrate	n/a	n/a	D220	n/a	12
473.7400004945	n/a	n/a	concentrate	n/a	n/a	D221	n/a	13
474.8880027167	n/a	n/a	concentrate	n/a	n/a	D221	n/a	14
475.8239964328	n/a	n/a	concentrate	n/a	n/a	D223	n/a	15
476.8679960004	n/a	n/a	concentrate	n/a	n/a	D225	n/a	16
478.0240046165	n/a	n/a	concentrate	n/a	n/a	D231	n/a	17
478.9680047265	n/a	n/a	concentrate	n/a	n/a	D213	n/a	18
480.1360028169	n/a	n/a	concentrate	n/a	n/a	D227	n/a	19
481.0839960656	n/a	n/a	concentrate	n/a	n/a	D213	n/a	20
482.2319982878	n/a	n/a	concentrate	n/a	n/a	D220	n/a	21
483.2160001925	n/a	n/a	relax	n/a	n/a	DI86	n/a	22
484.3719987503	n/a	n/a	relax	n/a	n/a	DI93	n/a	23
485.3119956634	n/a	n/a	relax	n/a	n/a	DI91	n/a	24
486.4640010825	n/a	n/a	relax	n/a	n/a	D105	n/a	25
487.4000048569	n/a	n/a	relax	n/a	n/a	DI98	n/a	26
488.5800024799	n/a	n/a	relax	n/a	n/a	DI89	n/a	27
489.5159961960	n/a	n/a	relax	n/a	n/a	DI94	n/a	28
490.5719952962	n/a	n/a	relax	n/a	n/a	DI85	n/a	29
491.6280044547	n/a	n/a	relax	n/a	n/a	D101	n/a	30
492.6720040224	n/a	n/a	relax	n/a	n/a	DI94	n/a	31
492.7999956838	n/a	n/a	relax	n/a	n/a	D255	n/a	32
493.8400021127	n/a	n/a	relax	n/a	n/a	DI88	n/a	33
494.8240040175	n/a	n/a	getready	n/a	n/a	D153	n/a	1
495.8680035851	n/a	n/a	getready	n/a	n/a	D160	n/a	2
497.0279952816	n/a	n/a	getready	n/a	n/a	D159	n/a	3
498.0999971113	n/a	n/a	getready	n/a	n/a	D152	n/a	4
499.0400040827	n/a	n/a	getready	n/a	n/a	D156	n/a	5
500.0999963216	n/a	n/a	getready	n/a	n/a	D166	n/a	6
501.0640023581	n/a	n/a	concentrate	n/a	n/a	D238	n/a	7
502.2200009159	n/a	n/a	concentrate	n/a	n/a	D224	n/a	8
503.3719962767	n/a	n/a	concentrate	n/a	n/a	D217	n/a	9
504.3159963868	n/a	n/a	concentrate	n/a	n/a	D225	n/a	10
505.4800013385	n/a	n/a	concentrate	n/a	n/a	D223	n/a	11
506.5439967743	n/a	n/a	concentrate	n/a	n/a	D228	n/a	12
507.4800005487	n/a	n/a	concentrate	n/a	n/a	D223	n/a	13
508.5559955171	n/a	n/a	concentrate	n/a	n/a	D230	n/a	14
509.5119951597	n/a	n/a	concentrate	n/a	n/a	D218	n/a	15
510.5920033834	n/a	n/a	concentrate	n/a	n/a	D222	n/a	16
511.6439992867	n/a	n/a	concentrate	n/a	n/a	D221	n/a	17
512.7119979194	n/a	n/a	concentrate	n/a	n/a	D232	n/a	18
513.8799960098	n/a	n/a	concentrate	n/a	n/a	D229	n/a	19
514.8200029812	n/a	n/a	concentrate	n/a	n/a	D228	n/a	20
515.8679956875	n/a	n/a	concentrate	n/a	n/a	D235	n/a	21
517.0840019665	n/a	n/a	relax	n/a	n/a	DI91	n/a	22
518.0239988796	n/a	n/a	relax	n/a	n/a	DI93	n/a	23
519.1840006343	n/a	n/a	relax	n/a	n/a	DI90	n/a	24
520.1239975474	n/a	n/a	relax	n/a	n/a	DI87	n/a	25
521.2880024991	n/a	n/a	relax	n/a	n/a	DI90	n/a	26
522.3039998046	n/a	n/a	relax	n/a	n/a	DI89	n/a	27
523.2400035790	n/a	n/a	relax	n/a	n/a	DI97	n/a	28
524.4080016694	n/a	n/a	relax	n/a	n/a	D101	n/a	29
525.3520017794	n/a	n/a	relax	n/a	n/a	DI94	n/a	30
526.5080003372	n/a	n/a	relax	n/a	n/a	D103	n/a	31
526.9160045615	n/a	n/a	relax	n/a	n/a	D255	n/a	32
527.5719957731	n/a	n/a	relax	n/a	n/a	DI95	n/a	33
528.5880031369	n/a	n/a	getready	n/a	n/a	D148	n/a	1
529.5560023121	n/a	n/a	getready	n/a	n/a	D159	n/a	2
530.6240009449	n/a	n/a	getready	n/a	n/a	D154	n/a	3
531.8440003625	n/a	n/a	getready	n/a	n/a	D157	n/a	4
532.6760014824	n/a	n/a	getready	n/a	n/a	D167	n/a	5
533.8240037045	n/a	n/a	getready	n/a	n/a	D151	n/a	6
534.8119987479	n/a	n/a	concentrate	n/a	n/a	D221	n/a	7
535.9600009701	n/a	n/a	concentrate	n/a	n/a	D223	n/a	8
536.9080042771	n/a	n/a	concentrate	n/a	n/a	D216	n/a	9
538.0719991705	n/a	n/a	concentrate	n/a	n/a	D231	n/a	10
539.0239956162	n/a	n/a	concentrate	n/a	n/a	D211	n/a	11
540.1959969035	n/a	n/a	concentrate	n/a	n/a	D221	n/a	12
541.1360038749	n/a	n/a	concentrate	n/a	n/a	D217	n/a	13
542.2920024327	n/a	n/a	concentrate	n/a	n/a	D213	n/a	14
543.2319993458	n/a	n/a	concentrate	n/a	n/a	D217	n/a	15
544.3840047649	n/a	n/a	concentrate	n/a	n/a	D216	n/a	16
545.5439964614	n/a	n/a	concentrate	n/a	n/a	D221	n/a	17
546.4919997684	n/a	n/a	concentrate	n/a	n/a	D225	n/a	18
547.4280035428	n/a	n/a	concentrate	n/a	n/a	D226	n/a	19
548.5879952393	n/a	n/a	concentrate	n/a	n/a	D227	n/a	20
549.5319953493	n/a	n/a	concentrate	n/a	n/a	D218	n/a	21
550.6519953094	n/a	n/a	relax	n/a	n/a	DI88	n/a	22
551.8080039254	n/a	n/a	relax	n/a	n/a	DI94	n/a	23
552.7480008385	n/a	n/a	relax	n/a	n/a	DI87	n/a	24
553.8999961994	n/a	n/a	relax	n/a	n/a	DI96	n/a	25
554.8400031707	n/a	n/a	relax	n/a	n/a	DI87	n/a	26
556.0600025884	n/a	n/a	relax	n/a	n/a	DI86	n/a	27
557.1079952947	n/a	n/a	relax	n/a	n/a	DI96	n/a	28
558.0480022660	n/a	n/a	relax	n/a	n/a	DI97	n/a	29
559.2080040208	n/a	n/a	relax	n/a	n/a	DI92	n/a	30
559.5720032535	n/a	n/a	relax	n/a	n/a	D255	n/a	31
560.1919958673	n/a	n/a	relax	n/a	n/a	DI91	n/a	32
561.1879973046	n/a	n/a	getready	n/a	n/a	D156	n/a	1
562.3400027237	n/a	n/a	getready	n/a	n/a	D154	n/a	2
563.2759964398	n/a	n/a	getready	n/a	n/a	D158	n/a	3
564.4879995219	n/a	n/a	getready	n/a	n/a	D161	n/a	4
565.5360022864	n/a	n/a	getready	n/a	n/a	D155	n/a	5
566.4719960026	n/a	n/a	getready	n/a	n/a	D165	n/a	6
567.4720006368	n/a	n/a	concentrate	n/a	n/a	D223	n/a	7
568.6279991946	n/a	n/a	concentrate	n/a	n/a	D237	n/a	8
569.5599997721	n/a	n/a	concentrate	n/a	n/a	D224	n/a	9
570.6119956753	n/a	n/a	concentrate	n/a	n/a	D223	n/a	10
571.7719974301	n/a	n/a	concentrate	n/a	n/a	D215	n/a	11
572.9399955205	n/a	n/a	concentrate	n/a	n/a	D215	n/a	12
573.8879988275	n/a	n/a	concentrate	n/a	n/a	D222	n/a	13
574.8360021344	n/a	n/a	concentrate	n/a	n/a	D219	n/a	14
575.9879974953	n/a	n/a	concentrate	n/a	n/a	D222	n/a	15
577.1439960531	n/a	n/a	concentrate	n/a	n/a	D230	n/a	16
578.0799998275	n/a	n/a	concentrate	n/a	n/a	D223	n/a	17
579.2359983853	n/a	n/a	concentrate	n/a	n/a	D223	n/a	18
580.1720021597	n/a	n/a	concentrate	n/a	n/a	D223	n/a	19
581.3239975206	n/a	n/a	concentrate	n/a	n/a	D219	n/a	20
582.2600012950	n/a	n/a	concentrate	n/a	n/a	D207	n/a	21
583.2639990679	n/a	n/a	relax	n/a	n/a	DI89	n/a	22
584.4280040196	n/a	n/a	relax	n/a	n/a	DI82	n/a	23
585.3680009327	n/a	n/a	relax	n/a	n/a	DI81	n/a	24
586.5199962935	n/a	n/a	relax	n/a	n/a	DI90	n/a	25
587.5840017877	n/a	n/a	relax	n/a	n/a	D107	n/a	26
588.5599972985	n/a	n/a	relax	n/a	n/a	DI97	n/a	27
589.6120032600	n/a	n/a	relax	n/a	n/a	DI90	n/a	28
590.6560028276	n/a	n/a	relax	n/a	n/a	DI97	n/a	29
591.7360009930	n/a	n/a	relax	n/a	n/a	DI94	n/a	30
592.5200039825	n/a	n/a	relax	n/a	n/a	D255	n/a	31
592.9159986160	n/a	n/a	relax	n/a	n/a	D104	n/a	32
593.9000005207	n/a	n/a	getready	n/a	n/a	D157	n/a	1
595.0480027429	n/a	n/a	getready	n/a	n/a	D160	n/a	2
595.9920028529	n/a	n/a	getready	n/a	n/a	D158	n/a	3
596.9679983637	n/a	n/a	getready	n/a	n/a	D161	n/a	4
598.1320033154	n/a	n/a	getready	n/a	n/a	D159	n/a	5
599.0720002285	n/a	n/a	getready	n/a	n/a	D155	n/a	6
600.2639973841	n/a	n/a	concentrate	n/a	n/a	D225	n/a	7
601.1959979615	n/a	n/a	concentrate	n/a	n/a	D232	n/a	8
602.3600029132	n/a	n/a	concentrate	n/a	n/a	D226	n/a	9
603.3040030233	n/a	n/a	concentrate	n/a	n/a	D220	n/a	10
604.3519957296	n/a	n/a	concentrate	n/a	n/a	D226	n/a	11
605.5239970169	n/a	n/a	concentrate	n/a	n/a	D223	n/a	12
606.4679971269	n/a	n/a	concentrate	n/a	n/a	D227	n/a	13
607.6239956847	n/a	n/a	concentrate	n/a	n/a	D232	n/a	14
608.5839985243	n/a	n/a	concentrate	n/a	n/a	D221	n/a	15
609.6480040184	n/a	n/a	concentrate	n/a	n/a	D243	n/a	16
610.7040031186	n/a	n/a	concentrate	n/a	n/a	D227	n/a	17
611.8600016764	n/a	n/a	concentrate	n/a	n/a	D228	n/a	18
612.9200039736	n/a	n/a	concentrate	n/a	n/a	D228	n/a	19
613.8559976897	n/a	n/a	concentrate	n/a	n/a	D226	n/a	20
614.9080036513	n/a	n/a	concentrate	n/a	n/a	D232	n/a	21
616.1239998720	n/a	n/a	relax	n/a	n/a	DI97	n/a	22
617.0600036464	n/a	n/a	relax	n/a	n/a	D103	n/a	23
618.2199953429	n/a	n/a	relax	n/a	n/a	DI89	n/a	24
619.1600023142	n/a	n/a	relax	n/a	n/a	DI94	n/a	25
620.3239972076	n/a	n/a	relax	n/a	n/a	DI84	n/a	26
621.3120023093	n/a	n/a	relax	n/a	n/a	DI89	n/a	27
622.2599955580	n/a	n/a	relax	n/a	n/a	DI93	n/a	28
623.4160041741	n/a	n/a	relax	n/a	n/a	D102	n/a	29
624.3600042841	n/a	n/a	relax	n/a	n/a	DI89	n/a	30
625.2959980003	n/a	n/a	relax	n/a	n/a	D255	n/a	31
625.5199959806	n/a	n/a	relax	n/a	n/a	DI97	n/a	32
626.5000047467	n/a	n/a	getready	n/a	n/a	D156	n/a	1
627.6520001075	n/a	n/a	getready	n/a	n/a	D151	n/a	2
628.6000034145	n/a	n/a	getready	n/a	n/a	D157	n/a	3
629.6200039170	n/a	n/a	getready	n/a	n/a	D151	n/a	4
630.6919956884	n/a	n/a	getready	n/a	n/a	D160	n/a	5
631.8560006402	n/a	n/a	getready	n/a	n/a	D161	n/a	6
632.8520020775	n/a	n/a	concentrate	n/a	n/a	D226	n/a	7
634.0039974383	n/a	n/a	concentrate	n/a	n/a	D223	n/a	8
634.9440044097	n/a	n/a	concentrate	n/a	n/a	D238	n/a	9
636.1039961061	n/a	n/a	concentrate	n/a	n/a	D231	n/a	10
637.0440030775	n/a	n/a	concentrate	n/a	n/a	D227	n/a	11
638.1959984384	n/a	n/a	concentrate	n/a	n/a	D212	n/a	12
639.1320022128	n/a	n/a	concentrate	n/a	n/a	D227	n/a	13
640.2880007706	n/a	n/a	concentrate	n/a	n/a	D221	n/a	14
641.2240045450	n/a	n/a	concentrate	n/a	n/a	D223	n/a	15
642.3879994384	n/a	n/a	concentrate	n/a	n/a	D220	n/a	16
643.3279963515	n/a	n/a	concentrate	n/a	n/a	D221	n/a	17
644.4879981062	n/a	n/a	concentrate	n/a	n/a	D231	n/a	18
645.4279950193	n/a	n/a	concentrate	n/a	n/a	D223	n/a	19
646.5919999710	n/a	n/a	concentrate	n/a	n/a	D222	n/a	20
647.6439958743	n/a	n/a	concentrate	n/a	n/a	D231	n/a	21
648.6200014434	n/a	n/a	relax	n/a	n/a	DI98	n/a	22
649.6599978141	n/a	n/a	relax	n/a	n/a	D105	n/a	23
650.7120037756	n/a	n/a	relax	n/a	n/a	DI95	n/a	24
651.8639991364	n/a	n/a	relax	n/a	n/a	D100	n/a	25
652.9159950397	n/a	n/a	relax	n/a	n/a	DI93	n/a	26
653.9040001414	n/a	n/a	relax	n/a	n/a	DI95	n/a	27
655.0679950348	n/a	n/a	relax	n/a	n/a	D104	n/a	28
656.0119951448	n/a	n/a	relax	n/a	n/a	DI96	n/a	29
657.1719968996	n/a	n/a	relax	n/a	n/a	D103	n/a	30
657.5840043209	n/a	n/a	relax	n/a	n/a	D255	n/a	31
658.1159970096	n/a	n/a	relax	n/a	n/a	D100	n/a	32
659.3080042235	n/a	n/a	getready	n/a	n/a	D156	n/a	1
660.3719996593	n/a	n/a	getready	n/a	n/a	D166	n/a	2
661.3159997693	n/a	n/a	getready	n/a	n/a	D152	n/a	3
662.3040048710	n/a	n/a	getready	n/a	n/a	D166	n/a	4
663.4600034288	n/a	n/a	getready	n/a	n/a	D161	n/a	5
664.4119998745	n/a	n/a	getready	n/a	n/a	D167	n/a	6
665.6279960952	n/a	n/a	concentrate	n/a	n/a	D232	n/a	7
666.5759994022	n/a	n/a	concentrate	n/a	n/a	D218	n/a	8
667.6319985024	n/a	n/a	concentrate	n/a	n/a	D225	n/a	9
668.6879976026	n/a	n/a	concentrate	n/a	n/a	D221	n/a	10
669.7640026293	n/a	n/a	concentrate	n/a	n/a	D230	n/a	11
670.9159979901	n/a	n/a	concentrate	n/a	n/a	D225	n/a	12
671.8640012971	n/a	n/a	concentrate	n/a	n/a	D227	n/a	13
673.0199998549	n/a	n/a	concentrate	n/a	n/a	D232	n/a	14
673.9599967680	n/a	n/a	concentrate	n/a	n/a	D229	n/a	15
675.1159953258	n/a	n/a	concentrate	n/a	n/a	D224	n/a	16
676.0519991002	n/a	n/a	concentrate	n/a	n/a	D225	n/a	17
677.2079976580	n/a	n/a	concentrate	n/a	n/a	D222	n/a	18
678.1480046294	n/a	n/a	concentrate	n/a	n/a	D223	n/a	19
679.3040031872	n/a	n/a	concentrate	n/a	n/a	D212	n/a	20
680.2320005677	n/a	n/a	concentrate	n/a	n/a	D228	n/a	21
681.4400004528	n/a	n/a	relax	n/a	n/a	D104	n/a	22
682.3840005628	n/a	n/a	relax	n/a	n/a	DI96	n/a	23
683.5479954562	n/a	n/a	relax	n/a	n/a	DI95	n/a	24
684.4799960337	n/a	n/a	relax	n/a	n/a	DI94	n/a	25
685.6440009854	n/a	n/a	relax	n/a	n/a	D100	n/a	26
686.6319960288	n/a	n/a	relax	n/a	n/a	DI94	n/a	27
687.5919988683	n/a	n/a	relax	n/a	n/a	DI93	n/a	28
688.6560043625	n/a	n/a	relax	n/a	n/a	DI85	n/a	29
689.6919975362	n/a	n/a	relax	n/a	n/a	DI97	n/a	30
690.0679963014	n/a	n/a	relax	n/a	n/a	D255	n/a	31
690.7879984311	n/a	n/a	relax	n/a	n/a	DI94	n/a	32
691.7959994010	n/a	n/a	getready	n/a	n/a	D160	n/a	1
692.9560011557	n/a	n/a	getready	n/a	n/a	D158	n/a	2
693.9120007983	n/a	n/a	getready	n/a	n/a	D169	n/a	3
695.1240038804	n/a	n/a	getready	n/a	n/a	D166	n/a	4
696.0640007935	n/a	n/a	getready	n/a	n/a	D161	n/a	5
697.2279956869	n/a	n/a	getready	n/a	n/a	D152	n/a	6
698.1879985265	n/a	n/a	concentrate	n/a	n/a	D228	n/a	7
699.3480002812	n/a	n/a	concentrate	n/a	n/a	D232	n/a	8
700.3960030458	n/a	n/a	concentrate	n/a	n/a	D221	n/a	9
701.3359999589	n/a	n/a	concentrate	n/a	n/a	D218	n/a	10
702.4960017136	n/a	n/a	concentrate	n/a	n/a	D219	n/a	11
703.4319954298	n/a	n/a	concentrate	n/a	n/a	D217	n/a	12
704.5840008489	n/a	n/a	concentrate	n/a	n/a	D228	n/a	13
705.5320041559	n/a	n/a	concentrate	n/a	n/a	D226	n/a	14
706.6000027887	n/a	n/a	concentrate	n/a	n/a	D228	n/a	15
707.6519986919	n/a	n/a	concentrate	n/a	n/a	D229	n/a	16
708.7079977921	n/a	n/a	concentrate	n/a	n/a	D219	n/a	17
709.7600037537	n/a	n/a	concentrate	n/a	n/a	D228	n/a	18
710.9079959176	n/a	n/a	concentrate	n/a	n/a	D230	n/a	19
711.9559986821	n/a	n/a	concentrate	n/a	n/a	D215	n/a	20
712.9079951278	n/a	n/a	concentrate	n/a	n/a	D226	n/a	21
714.1240014068	n/a	n/a	relax	n/a	n/a	D105	n/a	22
715.1680009744	n/a	n/a	relax	n/a	n/a	D103	n/a	23
716.0959983549	n/a	n/a	relax	n/a	n/a	DI93	n/a	24
717.2639964453	n/a	n/a	relax	n/a	n/a	DI94	n/a	25
718.2079965553	n/a	n/a	relax	n/a	n/a	DI87	n/a	26
719.2039979926	n/a	n/a	relax	n/a	n/a	DI98	n/a	27
720.3680029444	n/a	n/a	relax	n/a	n/a	DI99	n/a	28
721.3199993900	n/a	n/a	relax	n/a	n/a	D101	n/a	29
722.3719952933	n/a	n/a	relax	n/a	n/a	D112	n/a	30
722.6480046592	n/a	n/a	relax	n/a	n/a	D255	n/a	31
723.3760031245	n/a	n/a	relax	n/a	n/a	DI86	n/a	32
724.5840030096	n/a	n/a	getready	n/a	n/a	D148	n/a	1
725.5239999226	n/a	n/a	getready	n/a	n/a	D160	n/a	2
726.6799984804	n/a	n/a	getready	n/a	n/a	D149	n/a	3
727.6479976556	n/a	n/a	getready	n/a	n/a	D160	n/a	4
728.7159962884	n/a	n/a	getready	n/a	n/a	D157	n/a	5
729.8759980432	n/a	n/a	getready	n/a	n/a	D161	n/a	6
730.8760026774	n/a	n/a	concentrate	n/a	n/a	D222	n/a	7
732.0279980383	n/a	n/a	concentrate	n/a	n/a	D225	n/a	8
732.9640018127	n/a	n/a	concentrate	n/a	n/a	D236	n/a	9
734.1200003705	n/a	n/a	concentrate	n/a	n/a	D231	n/a	10
735.0560041449	n/a	n/a	concentrate	n/a	n/a	D236	n/a	11
736.2159958414	n/a	n/a	concentrate	n/a	n/a	D230	n/a	12
737.1599959514	n/a	n/a	concentrate	n/a	n/a	D223	n/a	13
738.3240009031	n/a	n/a	concentrate	n/a	n/a	D227	n/a	14
739.2639978162	n/a	n/a	concentrate	n/a	n/a	D234	n/a	15
740.4280027679	n/a	n/a	concentrate	n/a	n/a	D221	n/a	16
741.3759960166	n/a	n/a	concentrate	n/a	n/a	D221	n/a	17
742.5320046327	n/a	n/a	concentrate	n/a	n/a	D228	n/a	18
743.4840010784	n/a	n/a	concentrate	n/a	n/a	D231	n/a	19
744.6479959718	n/a	n/a	concentrate	n/a	n/a	D222	n/a	20
745.5839997462	n/a	n/a	concentrate	n/a	n/a	D223	n/a	21
746.5840043805	n/a	n/a	relax	n/a	n/a	DI94	n/a	22
747.6319970868	n/a	n/a	relax	n/a	n/a	D102	n/a	23
748.6919993839	n/a	n/a	relax	n/a	n/a	D100	n/a	24
749.7400021485	n/a	n/a	relax	n/a	n/a	DI95	n/a	25
750.8919975094	n/a	n/a	relax	n/a	n/a	DI90	n/a	26
751.8920021436	n/a	n/a	relax	n/a	n/a	D101	n/a	27
752.9559975795	n/a	n/a	relax	n/a	n/a	DI95	n/a	28
754.1359952024	n/a	n/a	relax	n/a	n/a	DI96	n/a	29
755.1719984344	n/a	n/a	relax	n/a	n/a	DI93	n/a	30
755.9200028262	n/a	n/a	relax	n/a	n/a	D255	n/a	31
756.1080022088	n/a	n/a	relax	n/a	n/a	DI97	n/a	32
757.3119988970	n/a	n/a	getready	n/a	n/a	D160	n/a	1
758.2639953426	n/a	n/a	getready	n/a	n/a	D162	n/a	2
759.4280002943	n/a	n/a	getready	n/a	n/a	D155	n/a	3
760.4360012642	n/a	n/a	getready	n/a	n/a	D158	n/a	4
761.3719949803	n/a	n/a	getready	n/a	n/a	D160	n/a	5
762.5319967351	n/a	n/a	getready	n/a	n/a	D172	n/a	6
763.5239949754	n/a	n/a	concentrate	n/a	n/a	D238	n/a	7
764.6879999272	n/a	n/a	concentrate	n/a	n/a	D225	n/a	8
765.6320000372	n/a	n/a	concentrate	n/a	n/a	D222	n/a	9
766.6800028018	n/a	n/a	concentrate	n/a	n/a	D229	n/a	10
767.7240023694	n/a	n/a	concentrate	n/a	n/a	D240	n/a	11
768.7759982727	n/a	n/a	concentrate	n/a	n/a	D220	n/a	12
769.9360000274	n/a	n/a	concentrate	n/a	n/a	D238	n/a	13
770.8680006049	n/a	n/a	concentrate	n/a	n/a	D231	n/a	14
772.0319954983	n/a	n/a	concentrate	n/a	n/a	D225	n/a	15
772.9759956083	n/a	n/a	concentrate	n/a	n/a	D236	n/a	16
774.1359973631	n/a	n/a	concentrate	n/a	n/a	D212	n/a	17
775.1799969307	n/a	n/a	concentrate	n/a	n/a	D229	n/a	18
776.1359965733	n/a	n/a	concentrate	n/a	n/a	D235	n/a	19
777.1880025349	n/a	n/a	concentrate	n/a	n/a	D229	n/a	20
778.3480042896	n/a	n/a	concentrate	n/a	n/a	D227	n/a	21
779.3640015951	n/a	n/a	relax	n/a	n/a	D100	n/a	22
780.4200006953	n/a	n/a	relax	n/a	n/a	DI99	n/a	23
781.3599976084	n/a	n/a	relax	n/a	n/a	DI94	n/a	24
782.4159967086	n/a	n/a	relax	n/a	n/a	DI93	n/a	25
783.5639989308	n/a	n/a	relax	n/a	n/a	DI91	n/a	26
784.5559971712	n/a	n/a	relax	n/a	n/a	DI90	n/a	27
785.7039993933	n/a	n/a	relax	n/a	n/a	DI99	n/a	28
786.6400031677	n/a	n/a	relax	n/a	n/a	DI97	n/a	29
787.4800006232	n/a	n/a	relax	n/a	n/a	D255	n/a	30
787.6840027354	n/a	n/a	relax	n/a	n/a	DI98	n/a	31
788.8920026205	n/a	n/a	getready	n/a	n/a	D159	n/a	1
789.8279963366	n/a	n/a	getready	n/a	n/a	D154	n/a	2
790.9800017557	n/a	n/a	getready	n/a	n/a	D165	n/a	3
791.9439977340	n/a	n/a	getready	n/a	n/a	D163	n/a	4
793.1039994887	n/a	n/a	getready	n/a	n/a	D159	n/a	5
794.0360000662	n/a	n/a	getready	n/a	n/a	D163	n/a	6
795.2439999512	n/a	n/a	concentrate	n/a	n/a	D233	n/a	7
796.1880000613	n/a	n/a	concentrate	n/a	n/a	D224	n/a	8
797.3399954221	n/a	n/a	concentrate	n/a	n/a	D221	n/a	9
798.2839955322	n/a	n/a	concentrate	n/a	n/a	D230	n/a	10
799.4559968195	n/a	n/a	concentrate	n/a	n/a	D230	n/a	11
800.3999969295	n/a	n/a	concentrate	n/a	n/a	D239	n/a	12
801.5559954873	n/a	n/a	concentrate	n/a	n/a	D221	n/a	13
802.4919992617	n/a	n/a	concentrate	n/a	n/a	D220	n/a	14
803.6520010165	n/a	n/a	concentrate	n/a	n/a	D234	n/a	15
804.6159969947	n/a	n/a	concentrate	n/a	n/a	D228	n/a	16
805.5680034987	n/a	n/a	concentrate	n/a	n/a	D231	n/a	17
806.6439984671	n/a	n/a	concentrate	n/a	n/a	D226	n/a	18
807.7239966325	n/a	n/a	concentrate	n/a	n/a	D230	n/a	19
808.8640025190	n/a	n/a	concentrate	n/a	n/a	D223	n/a	20
809.8200021616	n/a	n/a	concentrate	n/a	n/a	D232	n/a	21
811.0040029815	n/a	n/a	relax	n/a	n/a	D106	n/a	22
811.9439998946	n/a	n/a	relax	n/a	n/a	D100	n/a	23
813.0920021168	n/a	n/a	relax	n/a	n/a	DI91	n/a	24
814.0360022268	n/a	n/a	relax	n/a	n/a	DI91	n/a	25
815.1920007846	n/a	n/a	relax	n/a	n/a	D104	n/a	26
816.1719994924	n/a	n/a	relax	n/a	n/a	D108	n/a	27
817.3320012472	n/a	n/a	relax	n/a	n/a	D105	n/a	28
818.2800045542	n/a	n/a	relax	n/a	n/a	DI88	n/a	29
819.4279967180	n/a	n/a	relax	n/a	n/a	DI99	n/a	30
820.0120007924	n/a	n/a	relax	n/a	n/a	D255	n/a	31
820.4160018197	n/a	n/a	relax	n/a	n/a	DI97	n/a	32
821.4120032570	n/a	n/a	getready	n/a	n/a	D164	n/a	1
822.5720050118	n/a	n/a	getready	n/a	n/a	D161	n/a	2
823.6439967833	n/a	n/a	getready	n/a	n/a	D154	n/a	3
824.6279986880	n/a	n/a	getready	n/a	n/a	D165	n/a	4
825.6800046495	n/a	n/a	getready	n/a	n/a	D162	n/a	5
826.7320005528	n/a	n/a	getready	n/a	n/a	D163	n/a	6
827.7160024575	n/a	n/a	concentrate	n/a	n/a	D223	n/a	7
828.7880042872	n/a	n/a	concentrate	n/a	n/a	D218	n/a	8
829.9440028450	n/a	n/a	concentrate	n/a	n/a	D222	n/a	9
830.8880029551	n/a	n/a	concentrate	n/a	n/a	D224	n/a	10
832.0600042424	n/a	n/a	concentrate	n/a	n/a	D230	n/a	11
833.0000011555	n/a	n/a	concentrate	n/a	n/a	D227	n/a	12
834.1600029103	n/a	n/a	concentrate	n/a	n/a	D227	n/a	13
835.2040024779	n/a	n/a	concentrate	n/a	n/a	D237	n/a	14
836.1319998584	n/a	n/a	concentrate	n/a	n/a	D224	n/a	15
837.2879984162	n/a	n/a	concentrate	n/a	n/a	D219	n/a	16
838.4439969740	n/a	n/a	concentrate	n/a	n/a	D237	n/a	17
839.3920002810	n/a	n/a	concentrate	n/a	n/a	D225	n/a	18
840.3400035880	n/a	n/a	concentrate	n/a	n/a	D226	n/a	19
841.5120048753	n/a	n/a	concentrate	n/a	n/a	D222	n/a	20
842.4520017884	n/a	n/a	concentrate	n/a	n/a	D224	n/a	21
843.6559984765	n/a	n/a	relax	n/a	n/a	D100	n/a	22
844.6080049804	n/a	n/a	relax	n/a	n/a	DI97	n/a	23
845.6559976867	n/a	n/a	relax	n/a	n/a	DI88	n/a	24
846.7080036483	n/a	n/a	relax	n/a	n/a	DI96	n/a	25
847.7520032159	n/a	n/a	relax	n/a	n/a	DI98	n/a	26
848.9759957722	n/a	n/a	relax	n/a	n/a	DI93	n/a	27
849.9119995466	n/a	n/a	relax	n/a	n/a	DI96	n/a	28
851.0720013014	n/a	n/a	relax	n/a	n/a	DI96	n/a	29
852.0239977471	n/a	n/a	relax	n/a	n/a	DI92	n/a	30
852.3399988494	n/a	n/a	relax	n/a	n/a	D255	n/a	31
853.1880026988	n/a	n/a	relax	n/a	n/a	DI89	n/a	32
854.1680014066	n/a	n/a	getready	n/a	n/a	D156	n/a	1
855.1079983196	n/a	n/a	getready	n/a	n/a	D162	n/a	2
856.2680000744	n/a	n/a	getready	n/a	n/a	D159	n/a	3
857.2599983147	n/a	n/a	getready	n/a	n/a	D167	n/a	4
858.4240032665	n/a	n/a	getready	n/a	n/a	D161	n/a	5
859.3680033765	n/a	n/a	getready	n/a	n/a	D179	n/a	6
860.5679968677	n/a	n/a	concentrate	n/a	n/a	D232	n/a	7
861.5040006421	n/a	n/a	concentrate	n/a	n/a	D230	n/a	8
862.6520028642	n/a	n/a	concentrate	n/a	n/a	D231	n/a	9
863.5960029743	n/a	n/a	concentrate	n/a	n/a	D227	n/a	10
864.7520015321	n/a	n/a	concentrate	n/a	n/a	D228	n/a	11
865.7159975103	n/a	n/a	concentrate	n/a	n/a	D229	n/a	12
866.7800030044	n/a	n/a	concentrate	n/a	n/a	D227	n/a	13
867.9319983653	n/a	n/a	concentrate	n/a	n/a	D223	n/a	14
868.9840043268	n/a	n/a	concentrate	n/a	n/a	D215	n/a	15
869.9319975755	n/a	n/a	concentrate	n/a	n/a	D236	n/a	16
870.9919998727	n/a	n/a	concentrate	n/a	n/a	D236	n/a	17
872.1599979631	n/a	n/a	concentrate	n/a	n/a	D232	n/a	18
872.9919990829	n/a	n/a	concentrate	n/a	n/a	D222	n/a	19
874.1560040346	n/a	n/a	concentrate	n/a	n/a	D226	n/a	20
875.2000036023	n/a	n/a	concentrate	n/a	n/a	D219	n/a	21
876.1920018426	n/a	n/a	relax	n/a	n/a	D100	n/a	22
877.3599999330	n/a	n/a	relax	n/a	n/a	DI92	n/a	23
878.3080032400	n/a	n/a	relax	n/a	n/a	DI87	n/a	24
879.4599986008	n/a	n/a	relax	n/a	n/a	DI91	n/a	25
880.3960023752	n/a	n/a	relax	n/a	n/a	DI95	n/a	26
881.6200049899	n/a	n/a	relax	n/a	n/a	D105	n/a	27
882.5679982386	n/a	n/a	relax	n/a	n/a	DI93	n/a	28
883.7320031903	n/a	n/a	relax	n/a	n/a	DI91	n/a	29
884.6880028329	n/a	n/a	relax	n/a	n/a	DI82	n/a	30
885.5160007558	n/a	n/a	relax	n/a	n/a	D255	n/a	31
885.7279992036	n/a	n/a	relax	n/a	n/a	DI89	n/a	32
886.7160043052	n/a	n/a	getready	n/a	n/a	D156	n/a	1
887.7600038729	n/a	n/a	getready	n/a	n/a	D167	n/a	2
889.0199950269	n/a	n/a	getready	n/a	n/a	D155	n/a	3
890.0159964643	n/a	n/a	getready	n/a	n/a	D159	n/a	4
890.9599965743	n/a	n/a	getready	n/a	n/a	D161	n/a	5
892.0000030032	n/a	n/a	getready	n/a	n/a	D155	n/a	6
893.2200024209	n/a	n/a	concentrate	n/a	n/a	D221	n/a	7
894.1479998014	n/a	n/a	concentrate	n/a	n/a	D228	n/a	8
895.3080015562	n/a	n/a	concentrate	n/a	n/a	D224	n/a	9
896.2359989367	n/a	n/a	concentrate	n/a	n/a	D225	n/a	10
897.4039970270	n/a	n/a	concentrate	n/a	n/a	D226	n/a	11
898.3520003340	n/a	n/a	concentrate	n/a	n/a	D217	n/a	12
899.5079988918	n/a	n/a	concentrate	n/a	n/a	D226	n/a	13
900.4399994693	n/a	n/a	concentrate	n/a	n/a	D221	n/a	14
901.5920048884	n/a	n/a	concentrate	n/a	n/a	D219	n/a	15
902.6560003242	n/a	n/a	concentrate	n/a	n/a	D214	n/a	16
903.5959972373	n/a	n/a	concentrate	n/a	n/a	D228	n/a	17
904.6519963375	n/a	n/a	concentrate	n/a	n/a	D230	n/a	18
905.6999991021	n/a	n/a	concentrate	n/a	n/a	D230	n/a	19
906.7439986697	n/a	n/a	concentrate	n/a	n/a	D220	n/a	20
907.7999977700	n/a	n/a	concentrate	n/a	n/a	D226	n/a	21
909.0040045164	n/a	n/a	relax	n/a	n/a	DI86	n/a	22
909.9440014294	n/a	n/a	relax	n/a	n/a	DI98	n/a	23
911.0040037266	n/a	n/a	relax	n/a	n/a	DI87	n/a	24
912.1600022844	n/a	n/a	relax	n/a	n/a	DI89	n/a	25
913.2200045816	n/a	n/a	relax	n/a	n/a	DI94	n/a	26
914.2000032893	n/a	n/a	relax	n/a	n/a	DI93	n/a	27
915.3519986502	n/a	n/a	relax	n/a	n/a	DI97	n/a	28
916.2880024246	n/a	n/a	relax	n/a	n/a	DI94	n/a	29
917.4480041794	n/a	n/a	relax	n/a	n/a	DI88	n/a	30
918.3920042894	n/a	n/a	relax	n/a	n/a	D101	n/a	31
918.5479982129	n/a	n/a	relax	n/a	n/a	D255	n/a	32
919.3759961358	n/a	n/a	relax	n/a	n/a	DI84	n/a	33
920.4520011625	n/a	n/a	getready	n/a	n/a	D151	n/a	1
921.6159960560	n/a	n/a	getready	n/a	n/a	D169	n/a	2
922.6840047470	n/a	n/a	getready	n/a	n/a	D168	n/a	3
923.7000020525	n/a	n/a	getready	n/a	n/a	D157	n/a	4
924.6519984982	n/a	n/a	getready	n/a	n/a	D161	n/a	5
925.6920049272	n/a	n/a	getready	n/a	n/a	D182	n/a	6
926.9159974835	n/a	n/a	concentrate	n/a	n/a	D223	n/a	7
927.8680039874	n/a	n/a	concentrate	n/a	n/a	D223	n/a	8
929.0159961513	n/a	n/a	concentrate	n/a	n/a	D229	n/a	9
929.9639994583	n/a	n/a	concentrate	n/a	n/a	D233	n/a	10
931.0120022229	n/a	n/a	concentrate	n/a	n/a	D230	n/a	11
932.1680007807	n/a	n/a	concentrate	n/a	n/a	D231	n/a	12
933.1040045551	n/a	n/a	concentrate	n/a	n/a	D231	n/a	13
934.2559999160	n/a	n/a	concentrate	n/a	n/a	D236	n/a	14
935.1959968290	n/a	n/a	concentrate	n/a	n/a	D231	n/a	15
936.3519953868	n/a	n/a	concentrate	n/a	n/a	D228	n/a	16
937.2879991612	n/a	n/a	concentrate	n/a	n/a	D226	n/a	17
938.4400045804	n/a	n/a	concentrate	n/a	n/a	D228	n/a	18
939.5919999412	n/a	n/a	concentrate	n/a	n/a	D230	n/a	19
940.5280037156	n/a	n/a	concentrate	n/a	n/a	D231	n/a	20
941.6879954121	n/a	n/a	concentrate	n/a	n/a	D235	n/a	21
942.6839968494	n/a	n/a	relax	n/a	n/a	D100	n/a	22
943.6240038208	n/a	n/a	relax	n/a	n/a	D104	n/a	23
944.6920024536	n/a	n/a	relax	n/a	n/a	D103	n/a	24
945.7480015538	n/a	n/a	relax	n/a	n/a	D110	n/a	25
946.8239965222	n/a	n/a	relax	n/a	n/a	D100	n/a	26
947.8120016239	n/a	n/a	relax	n/a	n/a	DI98	n/a	27
948.9720033786	n/a	n/a	relax	n/a	n/a	DI95	n/a	28
950.0160029463	n/a	n/a	relax	n/a	n/a	DI93	n/a	29
950.8240050009	n/a	n/a	relax	n/a	n/a	D255	n/a	30
950.9919984571	n/a	n/a	relax	n/a	n/a	D100	n/a	31
952.2200042686	n/a	n/a	getready	n/a	n/a	D169	n/a	1
953.1679975173	n/a	n/a	getready	n/a	n/a	D161	n/a	2
954.3200029365	n/a	n/a	getready	n/a	n/a	D163	n/a	3
955.3240007094	n/a	n/a	getready	n/a	n/a	D168	n/a	4
956.2720040164	n/a	n/a	getready	n/a	n/a	D163	n/a	5
957.4280025742	n/a	n/a	getready	n/a	n/a	D171	n/a	6
958.4240040115	n/a	n/a	concentrate	n/a	n/a	D234	n/a	7
959.5839957080	n/a	n/a	concentrate	n/a	n/a	D231	n/a	8
960.5319990150	n/a	n/a	concentrate	n/a	n/a	D225	n/a	9
961.6840044341	n/a	n/a	concentrate	n/a	n/a	D225	n/a	10
962.6360008798	n/a	n/a	concentrate	n/a	n/a	D234	n/a	11
963.6960031769	n/a	n/a	concentrate	n/a	n/a	D238	n/a	12
964.7640018097	n/a	n/a	concentrate	n/a	n/a	D229	n/a	13
965.8120045743	n/a	n/a	concentrate	n/a	n/a	D235	n/a	14
966.9759994677	n/a	n/a	concentrate	n/a	n/a	D227	n/a	15
967.9240027747	n/a	n/a	concentrate	n/a	n/a	D238	n/a	16
969.0840045295	n/a	n/a	concentrate	n/a	n/a	D221	n/a	17
970.0280046395	n/a	n/a	concentrate	n/a	n/a	D225	n/a	18
971.1800000004	n/a	n/a	concentrate	n/a	n/a	D243	n/a	19
972.1199969134	n/a	n/a	concentrate	n/a	n/a	D238	n/a	20
973.2720023326	n/a	n/a	concentrate	n/a	n/a	D229	n/a	21
974.2560042373	n/a	n/a	relax	n/a	n/a	D111	n/a	22
975.4120027951	n/a	n/a	relax	n/a	n/a	D107	n/a	23
976.3680024377	n/a	n/a	relax	n/a	n/a	D100	n/a	24
977.3120025477	n/a	n/a	relax	n/a	n/a	D108	n/a	25
978.4680011055	n/a	n/a	relax	n/a	n/a	DI98	n/a	26
979.4640025429	n/a	n/a	relax	n/a	n/a	D100	n/a	27
980.6279974363	n/a	n/a	relax	n/a	n/a	D109	n/a	28
981.5920034728	n/a	n/a	relax	n/a	n/a	D104	n/a	29
982.7080002359	n/a	n/a	relax	n/a	n/a	D255	n/a	30
982.7799974314	n/a	n/a	relax	n/a	n/a	DI93	n/a	31
983.7639993361	n/a	n/a	getready	n/a	n/a	D162	n/a	1
984.7120026431	n/a	n/a	getready	n/a	n/a	D168	n/a	2
985.7920008085	n/a	n/a	getready	n/a	n/a	D164	n/a	3
986.9920043579	n/a	n/a	getready	n/a	n/a	D166	n/a	4
987.9360044680	n/a	n/a	getready	n/a	n/a	D169	n/a	5
989.0959961644	n/a	n/a	getready	n/a	n/a	D161	n/a	6
990.0919976017	n/a	n/a	concentrate	n/a	n/a	D229	n/a	7
991.0280013762	n/a	n/a	concentrate	n/a	n/a	D232	n/a	8
992.1799967370	n/a	n/a	concentrate	n/a	n/a	D231	n/a	9
993.1200037084	n/a	n/a	concentrate	n/a	n/a	D228	n/a	10
994.2839986018	n/a	n/a	concentrate	n/a	n/a	D230	n/a	11
995.4399971596	n/a	n/a	concentrate	n/a	n/a	D232	n/a	12
996.3800041310	n/a	n/a	concentrate	n/a	n/a	D233	n/a	13
997.5319994918	n/a	n/a	concentrate	n/a	n/a	D240	n/a	14
998.4879991344	n/a	n/a	concentrate	n/a	n/a	D230	n/a	15
999.6439976922	n/a	n/a	concentrate	n/a	n/a	D238	n/a	16
1000.5879978023	n/a	n/a	concentrate	n/a	n/a	D229	n/a	17
1001.7439963601	n/a	n/a	concentrate	n/a	n/a	D232	n/a	18
1002.6840033314	n/a	n/a	concentrate	n/a	n/a	D230	n/a	19
1003.7479987673	n/a	n/a	concentrate	n/a	n/a	D228	n/a	20
1004.8039978675	n/a	n/a	concentrate	n/a	n/a	D229	n/a	21
1005.8079956404	n/a	n/a	relax	n/a	n/a	D110	n/a	22
1006.9679973952	n/a	n/a	relax	n/a	n/a	D101	n/a	23
1008.0119969628	n/a	n/a	relax	n/a	n/a	DI99	n/a	24
1008.9520039341	n/a	n/a	relax	n/a	n/a	D103	n/a	25
1010.1080024920	n/a	n/a	relax	n/a	n/a	D108	n/a	26
1011.1239997975	n/a	n/a	relax	n/a	n/a	D102	n/a	27
1012.2919978878	n/a	n/a	relax	n/a	n/a	D109	n/a	28
1013.2199952683	n/a	n/a	relax	n/a	n/a	DI94	n/a	29
1013.7239957533	n/a	n/a	relax	n/a	n/a	D255	n/a	30
1014.3799970231	n/a	n/a	relax	n/a	n/a	D112	n/a	31
1015.4119970582	n/a	n/a	getready	n/a	n/a	D161	n/a	1
1016.3439976356	n/a	n/a	getready	n/a	n/a	D165	n/a	2
1017.5119957260	n/a	n/a	getready	n/a	n/a	D169	n/a	3
1018.5000008277	n/a	n/a	getready	n/a	n/a	D160	n/a	4
1019.6679989181	n/a	n/a	getready	n/a	n/a	D171	n/a	5
1020.7200048796	n/a	n/a	getready	n/a	n/a	D175	n/a	6
1021.6960003904	n/a	n/a	concentrate	n/a	n/a	D228	n/a	7
1022.6520000330	n/a	n/a	concentrate	n/a	n/a	D232	n/a	8
1023.7199986658	n/a	n/a	concentrate	n/a	n/a	D227	n/a	9
1024.7720046273	n/a	n/a	concentrate	n/a	n/a	D243	n/a	10
1025.8120009980	n/a	n/a	concentrate	n/a	n/a	D233	n/a	11
1026.9679995558	n/a	n/a	concentrate	n/a	n/a	D231	n/a	12
1027.9079964689	n/a	n/a	concentrate	n/a	n/a	D239	n/a	13
1029.0600018880	n/a	n/a	concentrate	n/a	n/a	D231	n/a	14
1030.0079951367	n/a	n/a	concentrate	n/a	n/a	D234	n/a	15
1031.1600005559	n/a	n/a	concentrate	n/a	n/a	D227	n/a	16
1032.3159991137	n/a	n/a	concentrate	n/a	n/a	D233	n/a	17
1033.2520028881	n/a	n/a	concentrate	n/a	n/a	D237	n/a	18
1034.4039982489	n/a	n/a	concentrate	n/a	n/a	D223	n/a	19
1035.3400020233	n/a	n/a	concentrate	n/a	n/a	D229	n/a	20
1036.5039969168	n/a	n/a	concentrate	n/a	n/a	D226	n/a	21
1037.5040015510	n/a	n/a	relax	n/a	n/a	D102	n/a	22
1038.4480016611	n/a	n/a	relax	n/a	n/a	D106	n/a	23
1039.6040002189	n/a	n/a	relax	n/a	n/a	D100	n/a	24
1040.5439971319	n/a	n/a	relax	n/a	n/a	D101	n/a	25
1041.7080020837	n/a	n/a	relax	n/a	n/a	D113	n/a	26
1042.7119998566	n/a	n/a	relax	n/a	n/a	D104	n/a	27
1043.7759952924	n/a	n/a	relax	n/a	n/a	D100	n/a	28
1044.8280012540	n/a	n/a	relax	n/a	n/a	D109	n/a	29
1045.9839998118	n/a	n/a	relax	n/a	n/a	D112	n/a	30
1046.0360011390	n/a	n/a	relax	n/a	n/a	D255	n/a	31
1047.0359957150	n/a	n/a	getready	n/a	n/a	D174	n/a	1
1047.9839990220	n/a	n/a	getready	n/a	n/a	D162	n/a	2
1049.0320017866	n/a	n/a	getready	n/a	n/a	D166	n/a	3
1050.0199968300	n/a	n/a	getready	n/a	n/a	D161	n/a	4
1051.1679990522	n/a	n/a	getready	n/a	n/a	D164	n/a	5
1052.3359971426	n/a	n/a	getready	n/a	n/a	D164	n/a	6
1053.3240022442	n/a	n/a	concentrate	n/a	n/a	D228	n/a	7
1054.2599959604	n/a	n/a	concentrate	n/a	n/a	D244	n/a	8
1055.4240009121	n/a	n/a	concentrate	n/a	n/a	D229	n/a	9
1056.3479950956	n/a	n/a	concentrate	n/a	n/a	D230	n/a	10
1057.5079968504	n/a	n/a	concentrate	n/a	n/a	D236	n/a	11
1058.4440006248	n/a	n/a	concentrate	n/a	n/a	D228	n/a	12
1059.4880001924	n/a	n/a	concentrate	n/a	n/a	D235	n/a	13
1060.6399955533	n/a	n/a	concentrate	n/a	n/a	D226	n/a	14
1061.7960041693	n/a	n/a	concentrate	n/a	n/a	D219	n/a	15
1062.7319978855	n/a	n/a	concentrate	n/a	n/a	D227	n/a	16
1063.7800006500	n/a	n/a	concentrate	n/a	n/a	D229	n/a	17
1064.8240002177	n/a	n/a	concentrate	n/a	n/a	D224	n/a	18
1065.9799987755	n/a	n/a	concentrate	n/a	n/a	D235	n/a	19
1066.9319952211	n/a	n/a	concentrate	n/a	n/a	D230	n/a	20
1068.0919969759	n/a	n/a	concentrate	n/a	n/a	D224	n/a	21
1069.0759988806	n/a	n/a	relax	n/a	n/a	D104	n/a	22
1070.2360006354	n/a	n/a	relax	n/a	n/a	D102	n/a	23
1071.1759975485	n/a	n/a	relax	n/a	n/a	D107	n/a	24
1072.3280029676	n/a	n/a	relax	n/a	n/a	D105	n/a	25
1073.2600035450	n/a	n/a	relax	n/a	n/a	DI89	n/a	26
